1,Ursola,Carabet,ucarabet0@example.com,Genderqueer,Yuan Renminbi
5,Petronilla,Laba,plaba4@themeforest.net,Polygender,Real
8,Jose,Hufton,jhufton7@tinyurl.com,Genderqueer,Dollar
11,Kennie,Dobbing,kdobbinga@microsoft.com,Genderfluid,Shilling
26,Gino,Newvill,gnewvillp@yelp.com,Genderqueer,Peso
28,Avie,Pibworth,apibworthr@weather.com,Genderqueer,Yuan Renminbi
36,Weidar,Yantsev,wyantsevz@hud.gov,Agender,Rial
47,Jessamyn,Giacobillo,jgiacobillo1a@nationalgeographic.com,Agender,Rupiah
64,Boot,Edy,bedy1r@jimdo.com,Non-binary,Krone
78,Lotty,Cholomin,lcholomin25@lycos.com,Agender,Sol
79,Krystalle,Trymme,ktrymme26@netvibes.com,Genderfluid,Dollar
82,Larina,Wesker,lwesker29@epa.gov,Polygender,Yuan Renminbi
89,Wallis,Denes,wdenes2g@ezinearticles.com,Genderfluid,Tenge
102,Louisette,Wife,lwife2t@hubpages.com,Genderqueer,Boliviano
103,Ev,Volage,evolage2u@deviantart.com,Genderqueer,Yuan Renminbi
107,Alex,Glowinski,aglowinski2y@ucoz.com,Genderqueer,Won
120,Lindy,Judkin,ljudkin3b@columbia.edu,Agender,Euro
132,Briney,Dyte,bdyte3n@ebay.co.uk,Non-binary,Rufiyaa
147,Alix,Oldale,aoldale42@weather.com,Bigender,Yuan Renminbi
148,Elise,Lince,elince43@t-online.de,Genderqueer,Dong
156,Emery,Beardshaw,ebeardshaw4b@pen.io,Agender,Yuan Renminbi
159,Cesaro,Lyptrade,clyptrade4e@phpbb.com,Genderfluid,Krona
161,Hoebart,Morforth,hmorforth4g@altervista.org,Genderfluid,Dollar
163,Sheffy,Corsan,scorsan4i@cnbc.com,Bigender,Real
166,Jephthah,Sisley,jsisley4l@businesswire.com,Polygender,Kwanza
184,Ailene,Mattingly,amattingly53@chicagotribune.com,Agender,Ruble
190,Nico,Spurgeon,nspurgeon59@kickstarter.com,Agender,Ringgit
208,Rufus,Jagson,rjagson5r@posterous.com,Genderfluid,Euro
216,Marsh,Janney,mjanney5z@accuweather.com,Polygender,Rupiah
218,Elston,Andrew,eandrew61@blog.com,Genderfluid,Yuan Renminbi
234,Fanny,Harg,fharg6h@themeforest.net,Genderqueer,Rupiah
239,Calypso,Cristofari,ccristofari6m@acquirethisname.com,Genderqueer,Dinar
245,Albertina,Tucknutt,atucknutt6s@marriott.com,Non-binary,Yuan Renminbi
266,Abran,Chicken,achicken7d@globo.com,Genderqueer,Euro
269,Nikki,Samme,nsamme7g@samsung.com,Genderqueer,Baht
279,Adora,Gilardi,agilardi7q@ed.gov,Agender,Pound
288,Dacie,Looker,dlooker7z@japanpost.jp,Agender,Yuan Renminbi
301,Antonio,Weatherdon,aweatherdon8c@house.gov,Polygender,Rupiah
304,Stu,Label,slabel8f@mashable.com,Non-binary,Yuan Renminbi
307,Kalil,Teale,kteale8i@google.ca,Non-binary,Dinar
325,Wilt,Giddy,wgiddy90@drupal.org,Non-binary,Dong
336,Evelyn,Lestrange,elestrange9b@unesco.org,Genderfluid,Rupiah
357,Goraud,Cotton,gcotton9w@deviantart.com,Polygender,Zloty
363,Jeane,Warcop,jwarcopa2@blogger.com,Agender,Lek
379,Letitia,Charnick,lcharnickai@last.fm,Genderfluid,Dram
390,Silvester,Flux,sfluxat@earthlink.net,Bigender,Euro
408,Aurelia,Morfett,amorfettbb@yellowbook.com,Genderfluid,Ruble
424,Emmanuel,Ralph,eralphbr@army.mil,Agender,Peso
425,Francine,Hazleton,fhazletonbs@amazon.com,Genderqueer,Hryvnia
431,Tobiah,Hyland,thylandby@t-online.de,Non-binary,Ruble
432,Hammad,Sessuns,hsessunsbz@engadget.com,Non-binary,Lev
464,Darb,Ailmer,dailmercv@istockphoto.com,Non-binary,Ruble
472,Ferdinande,Coxhell,fcoxhelld3@answers.com,Non-binary,Rupee
485,Orelee,Lewington,olewingtondg@twitter.com,Non-binary,Euro
486,Elijah,Broadhead,ebroadheaddh@is.gd,Genderfluid,Euro
488,Maude,Dowsing,mdowsingdj@unc.edu,Polygender,Zloty
499,Florie,McGeraghty,fmcgeraghtydu@arstechnica.com,Polygender,Peso
501,Elysee,Belone,ebelonedw@live.com,Agender,Kuna
509,Toma,Stranio,tstranioe4@aol.com,Genderqueer,Yuan Renminbi
510,Giraud,Briance,gbriancee5@sphinn.com,Polygender,Peso
511,Jessamyn,Davern,jdaverne6@guardian.co.uk,Genderfluid,Euro
513,Cory,Humberston,chumberstone8@e-recht24.de,Genderqueer,Krona
517,Sigismund,Braven,sbravenec@weather.com,Bigender,Euro
548,Herby,Haggerwood,hhaggerwoodf7@purevolume.com,Genderqueer,Euro
562,Lianna,Elsmore,lelsmorefl@meetup.com,Bigender,Yuan Renminbi
565,Emerson,Buckett,ebuckettfo@mozilla.com,Non-binary,Peso
571,Josey,Crottagh,jcrottaghfu@webnode.com,Polygender,Rupiah
583,Jermaine,Choake,jchoakeg6@alibaba.com,Bigender,Riels
584,Hermine,Quested,hquestedg7@adobe.com,Genderfluid,Dollar
595,Margit,Faldoe,mfaldoegi@macromedia.com,Genderfluid,Peso
609,Levin,Heal,lhealgw@godaddy.com,Genderqueer,Yuan Renminbi
618,Marylin,Kyllford,mkyllfordh5@eepurl.com,Bigender,Real
623,Kipper,Dandy,kdandyha@xing.com,Polygender,Peso
626,Keane,Harbert,kharberthd@ow.ly,Bigender,Yuan Renminbi
641,Dorrie,Paull,dpaullhs@china.com.cn,Agender,Franc
643,Jerrie,Place,jplacehu@edublogs.org,Non-binary,Manat
652,Daloris,Bisacre,dbisacrei3@amazon.co.uk,Genderqueer,Pound
659,Gerard,Hawthorne,ghawthorneia@prweb.com,Polygender,Zloty
674,Jorgan,Curnock,jcurnockip@toplist.cz,Bigender,Dollar
700,Brigitte,Labes,blabesjf@liveinternet.ru,Polygender,Real
703,Rolph,Starten,rstartenji@jiathis.com,Genderqueer,Yen
705,Barbe,Minard,bminardjk@icio.us,Genderqueer,Real
724,Joseph,Boggon,jboggonk3@shareasale.com,Polygender,Marka
736,Kristan,Frusher,kfrusherkf@tinypic.com,Polygender,Peso
759,Davine,Danilovitch,ddanilovitchl2@auda.org.au,Agender,Peso
769,Jefferson,Vedntyev,jvedntyevlc@squarespace.com,Genderfluid,Afghani
775,Francoise,Quiddinton,fquiddintonli@livejournal.com,Genderfluid,Yuan Renminbi
789,Buckie,Adess,badesslw@addtoany.com,Non-binary,Ouguiya
809,Carma,Lambol,clambolmg@sitemeter.com,Bigender,Taka
819,Arin,Haggie,ahaggiemq@wunderground.com,Bigender,Yuan Renminbi
840,Minni,Dalston,mdalstonnb@phpbb.com,Non-binary,Ruble
857,Nikolaus,Keaves,nkeavesns@mlb.com,Bigender,Ruble
860,Christy,McCullock,cmccullocknv@alibaba.com,Genderfluid,Ruble
861,Kania,Epilet,kepiletnw@ft.com,Non-binary,Real
865,Cello,Strangwood,cstrangwoodo0@shutterfly.com,Agender,Euro
888,Marni,MacMickan,mmacmickanon@photobucket.com,Genderqueer,Zloty
889,Krisha,Seabrooke,kseabrookeoo@issuu.com,Non-binary,Rupiah
906,Timmie,Coope,tcoopep5@plala.or.jp,Bigender,Peso
908,Lexis,Gotcher,lgotcherp7@fda.gov,Polygender,Ruble
913,Cal,Renne,crennepc@wikispaces.com,Agender,Real
927,Wayland,Taillard,wtaillardpq@illinois.edu,Bigender,Quetzal
938,Katinka,Bamblett,kbamblettq1@ucla.edu,Agender,Yuan Renminbi
947,Wernher,Nassy,wnassyqa@studiopress.com,Non-binary,Real
952,Flemming,Quant,fquantqf@phpbb.com,Polygender,Peso
974,Onida,Plenty,oplentyr1@nifty.com,Genderfluid,Euro
996,Minna,Castaner,mcastanerrn@usgs.gov,Agender,Rupiah
6,Cornell,Teffrey,cteffrey5@baidu.com,Male,Peso
10,Roosevelt,Lamas,rlamas9@google.ru,Male,Ruble
13,Franz,Bellwood,fbellwoodc@deliciousdays.com,Male,Yen
14,Wash,Sagar,wsagard@51.la,Male,Marka
16,Urbano,Stubley,ustubleyf@com.com,Male,Krona
20,Myer,Knewstub,mknewstubj@typepad.com,Male,Rupiah
21,Doyle,Lamplugh,dlamplughk@skype.com,Male,Euro
27,Foster,Bisson,fbissonq@un.org,Male,Yuan Renminbi
30,Humfried,Fardo,hfardot@altervista.org,Male,Zloty
31,Casper,Hutchin,chutchinu@pinterest.com,Male,Ruble
37,Solly,Clitherow,sclitherow10@yahoo.com,Male,Peso
38,Reinhard,Maciunas,rmaciunas11@bbb.org,Male,Peso
42,Barton,Goulstone,bgoulstone15@redcross.org,Male,Yuan Renminbi
45,Germayne,Potteridge,gpotteridge18@netscape.com,Male,Sol
46,Hernando,Corss,hcorss19@cyberchimps.com,Male,Rupiah
48,Donaugh,Files,dfiles1b@squidoo.com,Male,Yuan Renminbi
49,Kevan,Brignell,kbrignell1c@sfgate.com,Male,Shilling
51,Allyn,Moughtin,amoughtin1e@1688.com,Male,Peso
52,Cully,Langtree,clangtree1f@ifeng.com,Male,Yuan Renminbi
53,Xymenes,Boulder,xboulder1g@prnewswire.com,Male,Sol
54,Rufe,Lempenny,rlempenny1h@t.co,Male,Yuan Renminbi
57,Branden,Bellefonte,bbellefonte1k@myspace.com,Male,Real
61,Noach,Morad,nmorad1o@ibm.com,Male,Shilling
63,Claus,McKeand,cmckeand1q@harvard.edu,Male,Peso
66,Remus,Cloney,rcloney1t@businessinsider.com,Male,Som
68,Hagen,Gajownik,hgajownik1v@oaic.gov.au,Male,Yuan Renminbi
72,Cirillo,Britcher,cbritcher1z@fda.gov,Male,Peso
73,Kurt,McMenemy,kmcmenemy20@utexas.edu,Male,Manat
74,Lorens,Linklet,llinklet21@army.mil,Male,Rupiah
75,Elvis,Stother,estother22@wired.com,Male,Franc
76,Kearney,Laguerre,klaguerre23@answers.com,Male,Naira
85,Frans,Caughey,fcaughey2c@npr.org,Male,Birr
86,Obediah,Canti,ocanti2d@parallels.com,Male,Rupiah
88,Brandtr,Loachhead,bloachhead2f@nbcnews.com,Male,Dollar
90,Artus,Strickett,astrickett2h@is.gd,Male,Real
93,Urson,Caudle,ucaudle2k@army.mil,Male,Real
94,Jody,Paulazzi,jpaulazzi2l@posterous.com,Male,Somoni
96,Mattie,Silverthorne,msilverthorne2n@foxnews.com,Male,Peso
97,Pepe,Peplaw,ppeplaw2o@jiathis.com,Male,Pound
98,Beau,Galey,bgaley2p@adobe.com,Male,Yuan Renminbi
99,Kaine,Cruce,kcruce2q@discuz.net,Male,Shilling
100,Allie,Basezzi,abasezzi2r@phoca.cz,Male,Koruna
101,Sholom,Burridge,sburridge2s@cmu.edu,Male,Rupiah
104,Christian,Petican,cpetican2v@google.cn,Male,Ruble
108,Marcelo,Timmermann,mtimmermann2z@unc.edu,Male,Rupiah
109,Radcliffe,Primmer,rprimmer30@icq.com,Male,Escudo
112,Chilton,Polkinhorn,cpolkinhorn33@chronoengine.com,Male,Ruble
113,Timothy,Rubi,trubi34@blogs.com,Male,Dinar
114,Adolph,Greenman,agreenman35@4shared.com,Male,Marka
116,Solomon,Dunk,sdunk37@japanpost.jp,Male,Rial
117,Booth,Hagley,bhagley38@cbslocal.com,Male,Kuna
121,Cosimo,Macconachy,cmacconachy3c@vk.com,Male,Euro
126,Seth,Mawson,smawson3h@epa.gov,Male,Zloty
127,Randy,Crocetto,rcrocetto3i@about.me,Male,Euro
129,Bank,Paszek,bpaszek3k@zimbio.com,Male,Rupiah
131,Barn,Haville,bhaville3m@pagesperso-orange.fr,Male,Yuan Renminbi
133,Joshia,Utton,jutton3o@purevolume.com,Male,Yuan Renminbi
135,Hewitt,Trayford,htrayford3q@cbsnews.com,Male,Peso
136,Fraze,Spanswick,fspanswick3r@multiply.com,Male,Yuan Renminbi
137,Lyell,Carmo,lcarmo3s@harvard.edu,Male,Franc
141,Simeon,Edleston,sedleston3w@vimeo.com,Male,Rupiah
145,Aymer,Golden of Ireland,agoldenofireland40@businessinsider.com,Male,Peso
146,Maurice,Whitland,mwhitland41@zimbio.com,Male,Ruble
153,De witt,Bumphries,dbumphries48@ning.com,Male,Yuan Renminbi
154,Syman,Meeks,smeeks49@wix.com,Male,Ruble
155,Vladamir,Grigoriscu,vgrigoriscu4a@sakura.ne.jp,Male,Real
157,Chrissy,Haggas,chaggas4c@samsung.com,Male,Euro
164,Krishnah,Carnaman,kcarnaman4j@mail.ru,Male,Kuna
165,Jayme,Tamsett,jtamsett4k@uol.com.br,Male,Zloty
168,Kiley,Josephy,kjosephy4n@simplemachines.org,Male,Peso
171,Laurens,O'Brogane,lobrogane4q@imageshack.us,Male,Sol
172,Fidole,Theunissen,ftheunissen4r@columbia.edu,Male,Yuan Renminbi
173,Gino,Cockram,gcockram4s@homestead.com,Male,Peso
174,Jackie,Dugget,jdugget4t@alexa.com,Male,Yuan Renminbi
175,Jesse,Acuna,jacuna4u@bloglines.com,Male,Ruble
176,Bryanty,Medland,bmedland4v@europa.eu,Male,Euro
182,Alphonso,Rudderham,arudderham51@eepurl.com,Male,Yuan Renminbi
183,Earl,Dullaghan,edullaghan52@vkontakte.ru,Male,Ruble
185,Kile,MacGillavery,kmacgillavery54@trellian.com,Male,Peso
187,Garrett,Algie,galgie56@free.fr,Male,Yuan Renminbi
188,Isidro,Dobsons,idobsons57@youku.com,Male,Yuan Renminbi
193,Benjamin,Hollows,bhollows5c@marriott.com,Male,Ruble
194,Herrick,Vogele,hvogele5d@ameblo.jp,Male,Rupiah
195,Batholomew,Tindley,btindley5e@apache.org,Male,Peso
200,Renault,Box,rbox5j@wp.com,Male,Krona
201,Giorgio,Milesop,gmilesop5k@scribd.com,Male,Ruble
205,Remington,Tate,rtate5o@mediafire.com,Male,Rupiah
206,Lodovico,Papes,lpapes5p@google.ru,Male,Peso
213,Herschel,Llewelly,hllewelly5w@booking.com,Male,Zloty
219,Milt,Gallety,mgallety62@mit.edu,Male,Peso
223,Francklin,Towsie,ftowsie66@cbc.ca,Male,Yuan Renminbi
225,Alonzo,Dowglass,adowglass68@infoseek.co.jp,Male,Zloty
226,Hieronymus,Roels,hroels69@miitbeian.gov.cn,Male,Euro
227,Hewie,Bezemer,hbezemer6a@ox.ac.uk,Male,Yuan Renminbi
228,Sloane,Lindblad,slindblad6b@amazon.de,Male,Rupiah
229,Boony,Crompton,bcrompton6c@bizjournals.com,Male,Yuan Renminbi
230,Prescott,Keightley,pkeightley6d@google.ru,Male,Yuan Renminbi
231,Leopold,MacCoveney,lmaccoveney6e@mapquest.com,Male,Yuan Renminbi
232,Heall,Thormwell,hthormwell6f@samsung.com,Male,Euro
238,Uriel,Vasilenko,uvasilenko6l@boston.com,Male,Euro
240,Maynard,Thandi,mthandi6n@list-manage.com,Male,Peso
242,Hector,Burnitt,hburnitt6p@netscape.com,Male,Rupee
246,Niall,Godwin,ngodwin6t@prweb.com,Male,Hryvnia
247,Carney,Pasquale,cpasquale6u@t-online.de,Male,Euro
248,Hollis,Drewson,hdrewson6v@sakura.ne.jp,Male,Rial
249,Scotty,Siveyer,ssiveyer6w@weather.com,Male,Yuan Renminbi
255,Ellerey,Magwood,emagwood72@tinypic.com,Male,Euro
256,Garrott,Tommei,gtommei73@w3.org,Male,Forint
259,Rand,Tuhy,rtuhy76@yahoo.com,Male,Peso
260,Luce,Telezhkin,ltelezhkin77@hostgator.com,Male,Rupiah
261,Reinald,Gomes,rgomes78@ca.gov,Male,Yuan Renminbi
262,Boote,Swainger,bswainger79@purevolume.com,Male,Franc
264,Quincey,Charnock,qcharnock7b@sfgate.com,Male,Yuan Renminbi
265,Eward,Ring,ering7c@wufoo.com,Male,Yuan Renminbi
270,Huberto,Brizell,hbrizell7h@hatena.ne.jp,Male,Yuan Renminbi
272,Massimo,Royan,mroyan7j@technorati.com,Male,Yuan Renminbi
274,Gustavus,Durnford,gdurnford7l@list-manage.com,Male,Dong
276,Erwin,Deftie,edeftie7n@opera.com,Male,Pound
277,Pat,Train,ptrain7o@ifeng.com,Male,Euro
278,Scot,Hallt,shallt7p@jugem.jp,Male,Euro
280,Andie,Whyborn,awhyborn7r@irs.gov,Male,Peso
282,Rufe,Shemilt,rshemilt7t@unblog.fr,Male,Rupiah
285,Kean,Nisby,knisby7w@behance.net,Male,Real
286,Noam,Skyner,nskyner7x@businessinsider.com,Male,Yuan Renminbi
292,Chadwick,Playfair,cplayfair83@nyu.edu,Male,Yuan Renminbi
293,Patin,Janzen,pjanzen84@google.pl,Male,Franc
294,Zerk,Pretsel,zpretsel85@privacy.gov.au,Male,Krone
299,Welbie,Pettiward,wpettiward8a@forbes.com,Male,Euro
300,Upton,Baythorp,ubaythorp8b@google.fr,Male,Real
306,Ozzie,Aspenlon,oaspenlon8h@canalblog.com,Male,Peso
311,Westley,Veare,wveare8m@twitpic.com,Male,Metical
315,Wayland,Bowlesworth,wbowlesworth8q@house.gov,Male,Yuan Renminbi
318,Gauthier,Haggart,ghaggart8t@4shared.com,Male,Dram
320,Ade,Mathis,amathis8v@auda.org.au,Male,Baht
321,Alastair,Goodredge,agoodredge8w@paginegialle.it,Male,Zloty
323,Porty,Bunworth,pbunworth8y@ucsd.edu,Male,Yuan Renminbi
324,Urban,Ruse,uruse8z@sohu.com,Male,Euro
331,Baillie,Davidou,bdavidou96@constantcontact.com,Male,Yuan Renminbi
338,Walden,Pedwell,wpedwell9d@indiegogo.com,Male,Zloty
339,Cointon,Briffett,cbriffett9e@clickbank.net,Male,Peso
341,Clywd,Zanioletti,czanioletti9g@imageshack.us,Male,Yuan Renminbi
342,Thor,Ramiro,tramiro9h@berkeley.edu,Male,Dong
343,Dylan,Dilleway,ddilleway9i@utexas.edu,Male,Yuan Renminbi
347,Jerome,Hayhurst,jhayhurst9m@mysql.com,Male,Dollar
352,Lazare,Pidgen,lpidgen9r@cyberchimps.com,Male,Krona
353,Ingelbert,Baylis,ibaylis9s@homestead.com,Male,Yuan Renminbi
354,Pippo,Clausen,pclausen9t@sogou.com,Male,Zloty
358,Cosme,Berceros,cberceros9x@ibm.com,Male,Peso
359,Joaquin,O'dell,jodell9y@liveinternet.ru,Male,Pound
367,Manolo,O'Geaney,mogeaneya6@cbslocal.com,Male,Rupee
369,Munroe,Darycott,mdarycotta8@pcworld.com,Male,Rupiah
371,Nils,Guyan,nguyanaa@oracle.com,Male,Rupiah
373,Ferguson,Castanaga,fcastanagaac@vimeo.com,Male,Peso
380,Nealson,McElrath,nmcelrathaj@altervista.org,Male,Yuan Renminbi
381,Bear,Walenta,bwalentaak@networksolutions.com,Male,Yuan Renminbi
383,Jed,Dowdall,jdowdallam@admin.ch,Male,Peso
385,Abbey,Beldom,abeldomao@wired.com,Male,Rufiyaa
387,Caesar,Goodburn,cgoodburnaq@gnu.org,Male,Koruna
391,Victor,Cuolahan,vcuolahanau@surveymonkey.com,Male,Real
395,Caz,Tancock,ctancockay@umich.edu,Male,Euro
398,Judd,Bevar,jbevarb1@t.co,Male,Yuan Renminbi
401,Glynn,Gittings,ggittingsb4@bizjournals.com,Male,Rial
402,Jeffie,Goodfellowe,jgoodfelloweb5@cocolog-nifty.com,Male,Peso
404,Skip,Venus,svenusb7@themeforest.net,Male,Euro
406,North,MacCague,nmaccagueb9@multiply.com,Male,Euro
416,Zebadiah,Briant,zbriantbj@constantcontact.com,Male,Euro
417,Nickolai,Mattholie,nmattholiebk@go.com,Male,Euro
418,Caddric,Luby,clubybl@woothemes.com,Male,Yuan Renminbi
421,Curcio,Jakubowsky,cjakubowskybo@loc.gov,Male,Yen
422,Marv,Openshaw,mopenshawbp@networksolutions.com,Male,Peso
426,Sigismund,Berkely,sberkelybt@vimeo.com,Male,Zloty
427,Faber,Ebbett,febbettbu@nifty.com,Male,Euro
430,Scotti,Pickton,spicktonbx@loc.gov,Male,Yen
435,Lorry,Hollingsbee,lhollingsbeec2@prweb.com,Male,Real
439,Hersch,Beedon,hbeedonc6@wiley.com,Male,Euro
441,Archibold,Matasov,amatasovc8@mediafire.com,Male,Rupee
442,Jerrie,Grigoryev,jgrigoryevc9@meetup.com,Male,Rupiah
443,Maxie,Burnyate,mburnyateca@adobe.com,Male,Hryvnia
447,Brodie,Gwatkin,bgwatkince@stanford.edu,Male,Peso
448,Mick,Sauniere,msaunierecf@about.com,Male,Franc
450,Dex,Midghall,dmidghallch@prlog.org,Male,Hryvnia
452,Jehu,Bracci,jbraccicj@w3.org,Male,Ruble
453,Salomon,Trippick,strippickck@bizjournals.com,Male,Euro
455,Asa,Ickowics,aickowicscm@cmu.edu,Male,Lilangeni
457,Roger,Berzin,rberzinco@tamu.edu,Male,Yuan Renminbi
458,Niel,Johnsey,njohnseycp@t-online.de,Male,Euro
460,Lewie,Bretherton,lbrethertoncr@narod.ru,Male,Dollar
462,Alphard,Lemonnier,alemonnierct@artisteer.com,Male,Zloty
465,Jamesy,Delacroux,jdelacrouxcw@cyberchimps.com,Male,Rupiah
469,Wallas,South,wsouthd0@t-online.de,Male,Dinar
470,Whit,Ugo,wugod1@wp.com,Male,Hryvnia
474,Floyd,Eastes,feastesd5@feedburner.com,Male,Peso
475,Padraig,Le-Good,plegoodd6@posterous.com,Male,Lempira
476,Hyman,Goudie,hgoudied7@jalbum.net,Male,Euro
477,Teddy,Olechnowicz,tolechnowiczd8@xrea.com,Male,Shilling
478,Andrej,Witchalls,awitchallsd9@dot.gov,Male,Marka
482,Darwin,Shinton,dshintondd@pagesperso-orange.fr,Male,Zloty
487,Darius,Monck,dmonckdi@de.vu,Male,Rupiah
490,Rodrigo,O'Bruen,robruendl@facebook.com,Male,Peso
491,Cornie,Goodbourn,cgoodbourndm@comcast.net,Male,Yuan Renminbi
492,Dav,d'Escoffier,ddescoffierdn@canalblog.com,Male,Yuan Renminbi
494,Rog,Lakey,rlakeydp@nydailynews.com,Male,Rupiah
497,Kinsley,Jacobsson,kjacobssonds@pagesperso-orange.fr,Male,Koruna
500,Mylo,Coldham,mcoldhamdv@house.gov,Male,Baht
503,Barrie,Siggens,bsiggensdy@fda.gov,Male,Rupiah
512,Maxwell,Berka,mberkae7@businesswire.com,Male,Rupiah
518,Kelley,Uccello,kuccelloed@exblog.jp,Male,Rupiah
519,Archer,Kaasman,akaasmanee@illinois.edu,Male,Euro
520,Tiler,Rivelon,trivelonef@cam.ac.uk,Male,Yuan Renminbi
521,Benny,Welsby,bwelsbyeg@yelp.com,Male,Dram
522,Way,Dragonette,wdragonetteeh@squidoo.com,Male,Dollar
526,Giles,MacParland,gmacparlandel@domainmarket.com,Male,Yuan Renminbi
527,Carolus,Ibbs,cibbsem@pen.io,Male,Baht
528,Chevalier,Cristofor,ccristoforen@about.me,Male,Dollar
532,Craggy,Dollard,cdollarder@123-reg.co.uk,Male,Rupiah
534,Nye,Olyfant,nolyfantet@elpais.com,Male,Yuan Renminbi
535,Marshal,Lowdes,mlowdeseu@yahoo.com,Male,Quetzal
539,Sigismund,Mabb,smabbey@prlog.org,Male,Peso
540,Earlie,Eilles,eeillesez@apache.org,Male,Euro
541,Garrett,Hallt,ghalltf0@booking.com,Male,Peso
542,Kalvin,Slayny,kslaynyf1@nifty.com,Male,Rupiah
544,Bartlett,O'Lehane,bolehanef3@wp.com,Male,Franc
545,Cullie,Demicoli,cdemicolif4@wikipedia.org,Male,Peso
547,Natal,Baptie,nbaptief6@constantcontact.com,Male,Rial
551,Hort,Honatsch,hhonatschfa@goo.gl,Male,Krona
554,Jason,Ruit,jruitfd@geocities.com,Male,Pound
555,Westbrooke,Kopf,wkopffe@furl.net,Male,Krona
556,Kendal,Jeannot,kjeannotff@cloudflare.com,Male,Euro
560,Locke,Twining,ltwiningfj@ovh.net,Male,Hryvnia
563,Buddie,Yitzhakof,byitzhakoffm@feedburner.com,Male,Dollar
566,Rafael,Greenroa,rgreenroafp@cbc.ca,Male,Zloty
569,Dalis,Bothams,dbothamsfs@msn.com,Male,Rupee
576,Ruby,Drohane,rdrohanefz@surveymonkey.com,Male,Rupiah
587,Griff,Adolf,gadolfga@phoca.cz,Male,Rupiah
589,Durand,Janic,djanicgc@over-blog.com,Male,Zloty
596,Barbabas,Grigoryev,bgrigoryevgj@joomla.org,Male,Real
598,Morton,Waith,mwaithgl@surveymonkey.com,Male,Franc
602,Eziechiele,Bankes,ebankesgp@scribd.com,Male,Euro
604,Kurt,Gisburne,kgisburnegr@intel.com,Male,Rand
605,Derrik,Creffeild,dcreffeildgs@google.com.au,Male,Peso
606,Urbain,Bunyard,ubunyardgt@virginia.edu,Male,Yuan Renminbi
607,Shae,D'Ugo,sdugogu@census.gov,Male,Yuan Renminbi
610,Brew,Gimenez,bgimenezgx@soundcloud.com,Male,Rupiah
611,Bourke,Deniskevich,bdeniskevichgy@typepad.com,Male,Rupiah
612,Skipp,Stickland,ssticklandgz@dion.ne.jp,Male,Naira
619,Clarance,Borthwick,cborthwickh6@rakuten.co.jp,Male,Pound
621,Manny,Bithell,mbithellh8@smugmug.com,Male,Won
625,Manny,Pauly,mpaulyhc@jugem.jp,Male,Yuan Renminbi
627,Grove,Morales,gmoraleshe@e-recht24.de,Male,Krona
629,Ring,Chadburn,rchadburnhg@hud.gov,Male,Peso
630,Alon,Chatteris,achatterishh@forbes.com,Male,Euro
633,Aloin,Geroldo,ageroldohk@posterous.com,Male,Rupiah
635,Papageno,Dumbreck,pdumbreckhm@cpanel.net,Male,Real
636,Ave,Phin,aphinhn@virginia.edu,Male,Peso
638,Avery,Galvan,agalvanhp@shinystat.com,Male,Sol
642,Danny,Laraway,dlarawayht@g.co,Male,Euro
644,Vince,Redwood,vredwoodhv@multiply.com,Male,Zloty
645,Noam,Filinkov,nfilinkovhw@uol.com.br,Male,Afghani
647,Palmer,Bemwell,pbemwellhy@360.cn,Male,Yen
649,Cory,Alstead,calsteadi0@e-recht24.de,Male,Dollar
651,Jeromy,Pinshon,jpinshoni2@google.com.hk,Male,Real
661,Anson,Willers,awillersic@businessweek.com,Male,Euro
662,Peder,Mongeot,pmongeotid@army.mil,Male,Peso
666,Donn,Cookson,dcooksonih@mail.ru,Male,Yuan Renminbi
667,Roderic,Janauschek,rjanauschekii@census.gov,Male,Dollar
668,Delainey,Emson,demsonij@nytimes.com,Male,Yuan Renminbi
671,Nikolas,Jonathon,njonathonim@miitbeian.gov.cn,Male,Yuan Renminbi
676,Link,Cappleman,lcapplemanir@weather.com,Male,Euro
680,Herbert,Andre,handreiv@behance.net,Male,Ariary
681,Alric,Tinman,atinmaniw@a8.net,Male,Peso
683,Linn,Grayshon,lgrayshoniy@msu.edu,Male,Yuan Renminbi
689,Jose,Ledson,jledsonj4@vistaprint.com,Male,Ringgit
690,Jehu,Battin,jbattinj5@zimbio.com,Male,Real
691,Bronny,Kersley,bkersleyj6@51.la,Male,Peso
692,Vidovic,Monson,vmonsonj7@pen.io,Male,Rupiah
693,Red,Edwin,redwinj8@lulu.com,Male,Euro
694,Riobard,Blaske,rblaskej9@fastcompany.com,Male,Krona
698,Lancelot,Bortolutti,lbortoluttijd@google.nl,Male,Dollar
699,Thorn,Pettiford,tpettifordje@lulu.com,Male,Peso
701,Laurens,Bougourd,lbougourdjg@cbslocal.com,Male,Baht
702,Muffin,Stoffels,mstoffelsjh@linkedin.com,Male,Euro
708,Shaun,Breckenridge,sbreckenridgejn@smugmug.com,Male,Yuan Renminbi
709,Lodovico,Fassmann,lfassmannjo@360.cn,Male,Koruna
712,Flin,Seaborn,fseabornjr@auda.org.au,Male,Yen
718,Fitzgerald,De Roberto,fderobertojx@slate.com,Male,Sol
720,Hillard,Doone,hdoonejz@icio.us,Male,Sol
721,Lawrence,Farnes,lfarnesk0@cocolog-nifty.com,Male,Real
722,Brady,MacNeish,bmacneishk1@guardian.co.uk,Male,Yuan Renminbi
725,My,Woolager,mwoolagerk4@google.com,Male,Rand
727,Sherm,Terlinden,sterlindenk6@soundcloud.com,Male,Euro
730,Verney,Strutley,vstrutleyk9@google.com.br,Male,Yuan Renminbi
731,Ronny,Dunthorn,rdunthornka@senate.gov,Male,Yuan Renminbi
733,Pietro,Kubacki,pkubackikc@naver.com,Male,Yuan Renminbi
738,Bondon,Figgen,bfiggenkh@google.nl,Male,Ruble
741,Kristopher,Roman,kromankk@chron.com,Male,Yuan Renminbi
742,Brook,St. Hill,bsthillkl@creativecommons.org,Male,Rupee
747,Laughton,Demange,ldemangekq@miibeian.gov.cn,Male,Forint
754,Buck,Burthom,bburthomkx@usnews.com,Male,Euro
756,Pail,Earnshaw,pearnshawkz@nps.gov,Male,Euro
757,Harris,Foulkes,hfoulkesl0@hatena.ne.jp,Male,Dollar
760,Benito,Eldon,beldonl3@alexa.com,Male,Real
761,Jone,Rumsey,jrumseyl4@ameblo.jp,Male,Peso
762,Benji,Meadmore,bmeadmorel5@freewebs.com,Male,Ruble
766,Sherwynd,Yarrington,syarringtonl9@walmart.com,Male,Yuan Renminbi
768,Jameson,McKie,jmckielb@auda.org.au,Male,Euro
776,Morris,Clink,mclinklj@google.de,Male,Zloty
778,Ole,Drohane,odrohanell@goo.gl,Male,Yuan Renminbi
781,Stanfield,Lidell,slidelllo@msu.edu,Male,Yuan Renminbi
783,Lindsey,Baniard,lbaniardlq@shutterfly.com,Male,Baht
786,Chance,Maasz,cmaaszlt@gov.uk,Male,Pound
787,Ricardo,Burds,rburdslu@cargocollective.com,Male,Rupiah
788,Davin,Rubinowitsch,drubinowitschlv@ucla.edu,Male,Ruble
791,Orazio,Kerwen,okerwenly@typepad.com,Male,Rupiah
792,Patrice,Swinney,pswinneylz@uiuc.edu,Male,Peso
795,Major,Itzchaky,mitzchakym2@netscape.com,Male,Yuan Renminbi
796,Dal,Gerhts,dgerhtsm3@cbslocal.com,Male,Dong
797,Brock,Kimberly,bkimberlym4@jugem.jp,Male,Euro
798,Preston,Sekulla,psekullam5@usatoday.com,Male,Yuan Renminbi
801,Alix,Stirley,astirleym8@a8.net,Male,Dollar
802,Vincents,Wraight,vwraightm9@tamu.edu,Male,Manat
803,Patsy,Cussons,pcussonsma@hibu.com,Male,Rupiah
806,Kip,Blight,kblightmd@adobe.com,Male,Yuan Renminbi
807,Aaron,Lurcock,alurcockme@booking.com,Male,Euro
810,Cobbie,Mc Grath,cmcgrathmh@blinklist.com,Male,Yuan Renminbi
811,Hilary,De Normanville,hdenormanvillemi@lulu.com,Male,Peso
814,Howard,Glisane,hglisaneml@about.me,Male,Koruna
817,Birk,De Andisie,bdeandisiemo@bizjournals.com,Male,Rial
818,Gardiner,Bevis,gbevismp@mozilla.org,Male,Euro
830,Thorn,Antoniat,tantoniatn1@liveinternet.ru,Male,Rupiah
832,Klement,McGovern,kmcgovernn3@skyrock.com,Male,Hryvnia
834,Clemens,Praill,cprailln5@domainmarket.com,Male,Ruble
839,Murry,Annon,mannonna@diigo.com,Male,Dong
841,Al,Follos,afollosnc@cloudflare.com,Male,Peso
842,Greggory,Morshead,gmorsheadnd@mail.ru,Male,Ruble
843,Karl,Benardet,kbenardetne@tinypic.com,Male,Baht
844,Jedd,Flear,jflearnf@webmd.com,Male,Rupiah
846,Clayson,MacAlester,cmacalesternh@live.com,Male,Dinar
847,Goraud,Casari,gcasarini@huffingtonpost.com,Male,Peso
851,Silvanus,McNally,smcnallynm@deliciousdays.com,Male,Baht
852,Itch,Becraft,ibecraftnn@ebay.co.uk,Male,Yuan Renminbi
856,Brewster,Crosher,bcroshernr@scientificamerican.com,Male,Euro
862,Meir,Foulcher,mfoulchernx@usgs.gov,Male,Pound
863,Mendy,Croston,mcrostonny@google.it,Male,Yuan Renminbi
866,Lorant,Fluin,lfluino1@arstechnica.com,Male,Real
871,Damian,Georgot,dgeorgoto6@hostgator.com,Male,Kuna
875,Alard,Langer,alangeroa@time.com,Male,Birr
876,Ave,Fever,afeverob@wikipedia.org,Male,Rupiah
878,Ferrell,Gerish,fgerishod@unicef.org,Male,Sol
880,Murdock,McIlheran,mmcilheranof@slideshare.net,Male,Euro
881,Torrin,Ivushkin,tivushkinog@scribd.com,Male,Pound
882,Cecil,Spinks,cspinksoh@delicious.com,Male,Dollar
883,Merill,Raitt,mraittoi@qq.com,Male,Yuan Renminbi
885,Pedro,Arnecke,parneckeok@myspace.com,Male,Euro
890,Ode,Sampey,osampeyop@reddit.com,Male,Euro
891,Gordan,Huckleby,ghucklebyoq@sun.com,Male,Hryvnia
892,Hube,Cordoba,hcordobaor@sun.com,Male,Krone
895,Terry,Ottewill,tottewillou@symantec.com,Male,Rupiah
898,Dalt,Ghilardi,dghilardiox@mozilla.com,Male,Dram
901,Thadeus,Clother,tclotherp0@netvibes.com,Male,Naira
909,Mitchell,Bushby,mbushbyp8@blog.com,Male,Real
912,Gunner,Roocroft,groocroftpb@wordpress.org,Male,Rupiah
914,Claus,Gauden,cgaudenpd@cornell.edu,Male,Euro
915,Hadley,Piel,hpielpe@mashable.com,Male,Peso
918,Esteban,Jordanson,ejordansonph@wikia.com,Male,Franc
920,Brigg,Schwieso,bschwiesopj@is.gd,Male,Ringgit
922,Ewell,O Sullivan,eosullivanpl@npr.org,Male,Yuan Renminbi
925,Sol,Worlock,sworlockpo@cargocollective.com,Male,Peso
926,Blair,McCullogh,bmcculloghpp@fema.gov,Male,Yuan Renminbi
928,Tiler,Izzett,tizzettpr@reference.com,Male,Rupee
935,Nicolai,Tales,ntalespy@bloomberg.com,Male,Dollar
940,Ivar,Warsap,iwarsapq3@wired.com,Male,Yen
941,Sunny,Wyett,swyettq4@naver.com,Male,Kuna
944,Artemis,Size,asizeq7@t-online.de,Male,Yuan Renminbi
949,Raimund,Dimitrov,rdimitrovqc@biglobe.ne.jp,Male,Peso
953,Paddy,Hockey,phockeyqg@linkedin.com,Male,Yuan Renminbi
955,Warden,Janikowski,wjanikowskiqi@drupal.org,Male,Rupiah
958,Normie,Flips,nflipsql@thetimes.co.uk,Male,Euro
960,Stephan,Colter,scolterqn@drupal.org,Male,Yuan Renminbi
961,Berti,Vereker,bverekerqo@nytimes.com,Male,Krone
965,Tarrance,Swindin,tswindinqs@amazon.co.uk,Male,Yen
966,Hailey,Etoile,hetoileqt@nytimes.com,Male,Dollar
967,Glyn,Phillipps,gphillippsqu@army.mil,Male,Peso
969,Timofei,Coope,tcoopeqw@webeden.co.uk,Male,Yuan Renminbi
970,Igor,Mulder,imulderqx@google.it,Male,Rupiah
971,Spike,Schofield,sschofieldqy@amazon.co.jp,Male,Yuan Renminbi
972,Isacco,Humpage,ihumpageqz@google.com.hk,Male,Ruble
976,Jeremias,Earney,jearneyr3@cmu.edu,Male,Krone
977,Ryon,Moneti,rmonetir4@wikispaces.com,Male,Yuan Renminbi
980,Cecilius,Halton,chaltonr7@columbia.edu,Male,Peso
981,Kane,Blenkensop,kblenkensopr8@themeforest.net,Male,Yuan Renminbi
983,Blane,Garnall,bgarnallra@jiathis.com,Male,Ruble
985,Hurleigh,Micka,hmickarc@archive.org,Male,Dong
988,Jason,Pettett,jpettettrf@latimes.com,Male,Denar
989,Ravi,McFfaden,rmcffadenrg@naver.com,Male,Sol
995,Shae,Gamlin,sgamlinrm@sohu.com,Male,Yuan Renminbi
2,Lotta,Hathaway,lhathaway1@sina.com.cn,Female,Shilling
3,Kesley,Tregunna,ktregunna2@ehow.com,Female,Rupiah
4,Idette,Stuart,istuart3@51.la,Female,Colon
7,Adriena,Cockman,acockman6@rambler.ru,Female,Dollar
9,Felicdad,Rubin,frubin8@sciencedirect.com,Female,Real
12,Mirna,Woodland,mwoodlandb@ed.gov,Female,Yen
15,Whitney,Kroon,wkroone@jalbum.net,Female,Franc
17,Fawne,Longbone,flongboneg@yelp.com,Female,Naira
18,Dasha,Pyzer,dpyzerh@canalblog.com,Female,Euro
19,Margalo,Bramall,mbramalli@jimdo.com,Female,Shekel
22,Lorene,Kuschke,lkuschkel@yelp.com,Female,Shilling
23,Janifer,Humphries,jhumphriesm@unblog.fr,Female,Peso
24,Gillie,Brisson,gbrissonn@360.cn,Female,Ouguiya
25,Celestyn,Caselli,ccasellio@biglobe.ne.jp,Female,Real
29,Herminia,Bruniges,hbrunigess@seattletimes.com,Female,Dram
32,Gwenny,Ormshaw,gormshawv@google.com.br,Female,Ruble
33,Michel,McGarva,mmcgarvaw@fda.gov,Female,Naira
34,Cecilia,Liebmann,cliebmannx@cornell.edu,Female,Rupiah
35,Jo,Splevins,jsplevinsy@xing.com,Female,Peso
39,Dorie,Lange,dlange12@walmart.com,Female,Yuan Renminbi
40,Ashlan,Bricket,abricket13@g.co,Female,Rupiah
41,Ange,Guilfoyle,aguilfoyle14@mediafire.com,Female,Euro
43,Jennilee,Denyagin,jdenyagin16@google.com.hk,Female,Yuan Renminbi
44,Dell,Sumner,dsumner17@indiegogo.com,Female,Peso
50,Nikolia,Borton,nborton1d@mysql.com,Female,Yuan Renminbi
55,Tamarah,Rowet,trowet1i@newyorker.com,Female,Peso
56,Almeda,Couronne,acouronne1j@state.tx.us,Female,Peso
58,Vikki,Londors,vlondors1l@github.io,Female,Hryvnia
59,Riva,Stodd,rstodd1m@wikia.com,Female,Quetzal
60,Clo,Gladwin,cgladwin1n@addtoany.com,Female,Euro
62,Viole,Alejandri,valejandri1p@wikipedia.org,Female,Euro
65,Ardisj,Niblett,aniblett1s@noaa.gov,Female,Rupiah
67,Fania,Rickhuss,frickhuss1u@umn.edu,Female,Yuan Renminbi
69,Gladi,Wooton,gwooton1w@so-net.ne.jp,Female,Yuan Renminbi
70,Phyllis,Abraham,pabraham1x@meetup.com,Female,Euro
71,Merilee,Pomphrett,mpomphrett1y@shop-pro.jp,Female,Real
77,Ferne,Daniell,fdaniell24@nbcnews.com,Female,Yen
80,Constantina,Devil,cdevil27@dropbox.com,Female,Birr
81,Christan,Finicj,cfinicj28@blog.com,Female,Zloty
83,Drusy,Seathwright,dseathwright2a@noaa.gov,Female,Euro
84,Penni,Jiroutka,pjiroutka2b@eventbrite.com,Female,Rupiah
87,Jessi,Kytley,jkytley2e@hostgator.com,Female,Yuan Renminbi
91,Paulette,Graham,pgraham2i@omniture.com,Female,Rupiah
92,Rubi,Coleman,rcoleman2j@latimes.com,Female,Denar
95,Francene,Sitlington,fsitlington2m@squarespace.com,Female,Rupiah
105,Teirtza,Kohrding,tkohrding2w@digg.com,Female,Dollar
106,Isis,Jaqueme,ijaqueme2x@springer.com,Female,Euro
110,Maggy,Raselles,mraselles31@paypal.com,Female,Peso
111,Ailene,Sutehall,asutehall32@nature.com,Female,Peso
115,Romy,Osmint,rosmint36@diigo.com,Female,Rupiah
118,Georgette,Toghill,gtoghill39@arizona.edu,Female,Krona
119,Indira,Sconce,isconce3a@wp.com,Female,Zloty
122,Peria,Taill,ptaill3d@yellowpages.com,Female,Afghani
123,Zilvia,Sissens,zsissens3e@who.int,Female,Krone
124,Windy,Cadany,wcadany3f@example.com,Female,Afghani
125,Stephana,Pittoli,spittoli3g@wikispaces.com,Female,Ruble
128,Daryl,Knotte,dknotte3j@hp.com,Female,Euro
130,Teddi,Freund,tfreund3l@photobucket.com,Female,Rupiah
134,Carry,Canniffe,ccanniffe3p@youtu.be,Female,Naira
138,Michaela,Eakly,meakly3t@squidoo.com,Female,Baht
139,Benny,Gerckens,bgerckens3u@hao123.com,Female,Peso
140,Beverley,Ox,box3v@goodreads.com,Female,Baht
142,Hortense,Ivison,hivison3x@sourceforge.net,Female,Real
143,Leonanie,Crichley,lcrichley3y@quantcast.com,Female,Euro
144,Emmie,Kew,ekew3z@digg.com,Female,Shilling
149,Desiree,Rudolf,drudolf44@ucoz.com,Female,Yuan Renminbi
150,Kaile,Cadany,kcadany45@skype.com,Female,Zloty
151,Shel,MacAlister,smacalister46@pbs.org,Female,Dinar
152,Tisha,Lidgey,tlidgey47@wp.com,Female,Real
158,Milicent,Green,mgreen4d@wikispaces.com,Female,Colon
160,Amalle,Alcido,aalcido4f@sfgate.com,Female,Rupiah
162,Camella,Debell,cdebell4h@addtoany.com,Female,Dollar
167,Odella,Stairmand,ostairmand4m@twitter.com,Female,Boliviano
169,Agnesse,Eberst,aeberst4o@walmart.com,Female,Cordoba
170,Domini,Akast,dakast4p@loc.gov,Female,Rupiah
177,Lexie,Katzmann,lkatzmann4w@wikispaces.com,Female,Peso
178,Ynes,Foister,yfoister4x@ucoz.ru,Female,Marka
179,Lila,Kassman,lkassman4y@mac.com,Female,Peso
180,Janey,Chasney,jchasney4z@i2i.jp,Female,Ruble
181,Ame,Mariaud,amariaud50@cpanel.net,Female,Dollar
186,Arliene,Hoyt,ahoyt55@ow.ly,Female,Sol
189,Maurine,Waycot,mwaycot58@ebay.co.uk,Female,Rupiah
191,Kristy,Swinn,kswinn5a@ask.com,Female,Yuan Renminbi
192,Kippie,Quig,kquig5b@washington.edu,Female,Euro
196,Rachele,Tezure,rtezure5f@digg.com,Female,Ruble
197,Estel,Traves,etraves5g@hc360.com,Female,Pound
198,Fionnula,Muris,fmuris5h@wunderground.com,Female,Yuan Renminbi
199,Lucia,Moorton,lmoorton5i@github.io,Female,Euro
202,Ofelia,McCready,omccready5l@slideshare.net,Female,Euro
203,Carmencita,Bendare,cbendare5m@yellowbook.com,Female,Sol
204,Opaline,Keal,okeal5n@geocities.com,Female,Euro
207,Aime,Ingleby,aingleby5q@ebay.com,Female,Rand
209,Paige,Loomes,ploomes5s@sun.com,Female,Rupiah
210,Viole,Tonbye,vtonbye5t@indiegogo.com,Female,Baht
211,Loutitia,Skechley,lskechley5u@sbwire.com,Female,Real
212,Lari,Woodhall,lwoodhall5v@studiopress.com,Female,Sol
214,Amber,Haggeth,ahaggeth5x@icio.us,Female,Yuan Renminbi
215,Diena,Grenter,dgrenter5y@zdnet.com,Female,Naira
217,Idalina,Schapero,ischapero60@sphinn.com,Female,Bolivar
220,Mara,Janew,mjanew63@amazon.co.jp,Female,Peso
221,Glenda,McMenemy,gmcmenemy64@cyberchimps.com,Female,Real
222,Daryn,Harber,dharber65@bizjournals.com,Female,Peso
224,Brinn,Vannini,bvannini67@domainmarket.com,Female,Baht
233,Odelia,Keward,okeward6g@feedburner.com,Female,Rupiah
235,Mable,Brudenell,mbrudenell6i@hostgator.com,Female,Euro
236,Adelaida,Paulley,apaulley6j@ucoz.com,Female,Peso
237,Courtenay,Fowlie,cfowlie6k@edublogs.org,Female,Dong
241,Agretha,Buncom,abuncom6o@amazon.de,Female,Yuan Renminbi
243,Courtnay,Fronczak,cfronczak6q@answers.com,Female,Peso
244,Kerstin,Sarl,ksarl6r@state.gov,Female,Yuan Renminbi
250,Eileen,Ranns,eranns6x@slate.com,Female,Real
251,Shanon,Mepsted,smepsted6y@chronoengine.com,Female,Euro
252,Randee,Becerra,rbecerra6z@pen.io,Female,Pound
253,Dalia,Hannabuss,dhannabuss70@list-manage.com,Female,Yuan Renminbi
254,Waly,Turnor,wturnor71@nature.com,Female,Denar
257,Jena,Cowlishaw,jcowlishaw74@blinklist.com,Female,Peso
258,Dolley,McCluney,dmccluney75@biglobe.ne.jp,Female,Afghani
263,Prudi,Empleton,pempleton7a@time.com,Female,Yuan Renminbi
267,Tresa,Jeyness,tjeyness7e@sfgate.com,Female,Cordoba
268,Harmony,Yankin,hyankin7f@gravatar.com,Female,Yuan Renminbi
271,Kendra,Cranmere,kcranmere7i@booking.com,Female,Peso
273,Bella,Collicott,bcollicott7k@histats.com,Female,Yuan Renminbi
275,Gilberte,Belderfield,gbelderfield7m@ibm.com,Female,Peso
281,Gusti,Cheal,gcheal7s@de.vu,Female,Rupiah
283,Ileane,Lemary,ilemary7u@businessweek.com,Female,Peso
284,Bettine,Shanklin,bshanklin7v@1688.com,Female,Rupiah
287,Constanta,Spavon,cspavon7y@marriott.com,Female,Koruna
289,Dulcine,Gerrels,dgerrels80@exblog.jp,Female,Rufiyaa
290,Julita,Erricker,jerricker81@hatena.ne.jp,Female,Zloty
291,Johannah,Gothrup,jgothrup82@newsvine.com,Female,Rupiah
295,Beckie,Ebbers,bebbers86@dagondesign.com,Female,Baht
296,Arlana,Mills,amills87@army.mil,Female,Won
297,Carrie,Trowle,ctrowle88@tinyurl.com,Female,Ruble
298,Frankie,Delafoy,fdelafoy89@icq.com,Female,Peso
302,Stoddard,Jozsa,sjozsa8d@wikipedia.org,Female,Hryvnia
303,Danita,O' Donohoe,dodonohoe8e@netscape.com,Female,Zloty
305,Torrie,Eacott,teacott8g@mysql.com,Female,Yuan Renminbi
308,Arleen,Schieferstein,aschieferstein8j@globo.com,Female,Ruble
309,Brita,Connerly,bconnerly8k@blinklist.com,Female,Yuan Renminbi
310,Roxi,Pucker,rpucker8l@phoca.cz,Female,Dollar
312,Valenka,Flores,vflores8n@sphinn.com,Female,Yuan Renminbi
313,Phylys,Biesinger,pbiesinger8o@time.com,Female,Yuan Renminbi
314,Antonetta,Jessett,ajessett8p@last.fm,Female,Yuan Renminbi
316,Carlyn,Furzey,cfurzey8r@tumblr.com,Female,Yuan Renminbi
317,Karel,Itzkowicz,kitzkowicz8s@dyndns.org,Female,Yuan Renminbi
319,Hildagarde,Cowpertwait,hcowpertwait8u@myspace.com,Female,Euro
322,Tracee,Pellamont,tpellamont8x@twitpic.com,Female,Real
326,Elset,Kelby,ekelby91@google.com.hk,Female,Koruna
327,Tasha,Gigg,tgigg92@gnu.org,Female,Rupiah
328,Lishe,Goodridge,lgoodridge93@wikimedia.org,Female,Baht
329,Maxi,Wibrow,mwibrow94@ocn.ne.jp,Female,Franc
330,Veronike,Kubelka,vkubelka95@gizmodo.com,Female,Krona
332,Chrystel,Guiden,cguiden97@apache.org,Female,Euro
333,Loutitia,Ricciardello,lricciardello98@facebook.com,Female,Lari
334,Randee,Rumsby,rrumsby99@opensource.org,Female,Euro
335,Sarena,Ead,sead9a@spiegel.de,Female,Euro
337,Elenore,Tolchar,etolchar9c@boston.com,Female,Zloty
340,Carmita,Cleugher,ccleugher9f@deviantart.com,Female,Euro
344,Helene,Durgan,hdurgan9j@google.com,Female,Yuan Renminbi
345,Sheila-kathryn,Readwing,sreadwing9k@soundcloud.com,Female,Dollar
346,Arabelle,Demange,ademange9l@earthlink.net,Female,Euro
348,Eyde,Cona,econa9n@unblog.fr,Female,Euro
349,Selena,Yelding,syelding9o@stanford.edu,Female,Ruble
350,Carlynne,Nelsen,cnelsen9p@dagondesign.com,Female,Pound
351,Blake,Gumm,bgumm9q@deviantart.com,Female,Peso
355,Mora,Juste,mjuste9u@sciencedirect.com,Female,Peso
356,Aloysia,Howieson,ahowieson9v@webmd.com,Female,Real
360,Kaila,Ormrod,kormrod9z@mozilla.com,Female,Real
361,Aeriela,Happel,ahappela0@bbc.co.uk,Female,Zloty
362,Jordanna,Henzer,jhenzera1@arstechnica.com,Female,Euro
364,Flory,Luciani,fluciania3@state.tx.us,Female,Rupiah
365,Nancy,Proffer,nproffera4@jalbum.net,Female,Euro
366,Annabal,Renvoise,arenvoisea5@unblog.fr,Female,Yuan Renminbi
368,Joline,Haimes,jhaimesa7@naver.com,Female,Yuan Renminbi
370,Ollie,Stoad,ostoada9@nytimes.com,Female,Shilling
372,Bernadette,Large,blargeab@webeden.co.uk,Female,Ruble
374,Gus,Durrell,gdurrellad@adobe.com,Female,Rupiah
375,Siusan,Mayell,smayellae@google.com.hk,Female,Dinar
376,Cosetta,Mowsdell,cmowsdellaf@google.co.jp,Female,Rupiah
377,Jonie,Allcoat,jallcoatag@plala.or.jp,Female,Dinar
378,Katherine,Burleigh,kburleighah@ycombinator.com,Female,Zloty
382,Shea,Whitlam,swhitlamal@goodreads.com,Female,Baht
384,Joyce,Manning,jmanningan@sfgate.com,Female,Hryvnia
386,Janaye,Cogdell,jcogdellap@istockphoto.com,Female,Rupiah
388,Moreen,Percifull,mpercifullar@hhs.gov,Female,Dollar
389,Neille,Kaas,nkaasas@rambler.ru,Female,Peso
392,Whitney,Townsend,wtownsendav@arizona.edu,Female,Zloty
393,Rennie,Farmloe,rfarmloeaw@diigo.com,Female,Manat
394,Carlee,Seleway,cselewayax@dell.com,Female,Real
396,Celestine,Dory,cdoryaz@adobe.com,Female,Pound
397,Madge,Rentenbeck,mrentenbeckb0@rakuten.co.jp,Female,Yuan Renminbi
399,Iolanthe,Bacop,ibacopb2@discovery.com,Female,Peso
400,Cherise,Fernanando,cfernanandob3@last.fm,Female,Real
403,Shaina,Dowdeswell,sdowdeswellb6@wikimedia.org,Female,Sol
405,Fayina,Berggren,fberggrenb8@twitpic.com,Female,Dong
407,Jeanne,MacKim,jmackimba@businessweek.com,Female,Rupiah
409,Dion,Choke,dchokebc@abc.net.au,Female,Rupiah
410,Betta,Borgne,bborgnebd@cocolog-nifty.com,Female,Real
411,Ajay,Alberti,aalbertibe@aol.com,Female,Peso
412,Roby,Linturn,rlinturnbf@java.com,Female,Euro
413,Kellie,A'Barrow,kabarrowbg@wufoo.com,Female,Yuan Renminbi
414,Crystie,McFie,cmcfiebh@over-blog.com,Female,Yuan Renminbi
415,Lani,Shildrick,lshildrickbi@go.com,Female,Peso
419,Malvina,Olive,molivebm@deviantart.com,Female,Krona
420,Nikolia,Wrathmell,nwrathmellbn@liveinternet.ru,Female,Rupiah
423,Jobie,Jeyness,jjeynessbq@soundcloud.com,Female,Dram
428,Stacee,Gardiner,sgardinerbv@slate.com,Female,Peso
429,Anne-corinne,Meach,ameachbw@booking.com,Female,Yuan Renminbi
433,Glennis,Garling,ggarlingc0@amazonaws.com,Female,Peso
434,Simone,Peert,speertc1@prlog.org,Female,Zloty
436,Tanhya,Suche,tsuchec3@jigsy.com,Female,Kuna
437,Leah,Froschauer,lfroschauerc4@fotki.com,Female,Rupiah
438,Caron,Vearncomb,cvearncombc5@t-online.de,Female,Dong
440,Helga,Breadon,hbreadonc7@rambler.ru,Female,Nakfa
444,Zondra,Eadmeads,zeadmeadscb@delicious.com,Female,Lek
445,Emelda,Deacock,edeacockcc@columbia.edu,Female,Rupiah
446,Marleah,De Gregario,mdegregariocd@youtube.com,Female,Peso
449,Tonie,Hoggan,thoggancg@mac.com,Female,Yuan Renminbi
451,Lorilyn,Volk,lvolkci@slideshare.net,Female,Yuan Renminbi
454,Birdie,D'Agostini,bdagostinicl@netvibes.com,Female,Euro
456,Jan,Nowlan,jnowlancn@twitter.com,Female,Tugrik
459,Sonni,Ruprich,sruprichcq@jimdo.com,Female,Birr
461,Marta,Plaistowe,mplaistowecs@booking.com,Female,Ruble
463,Joelie,Giroldi,jgiroldicu@mtv.com,Female,Euro
466,Frances,Keyzman,fkeyzmancx@free.fr,Female,Zloty
467,Lettie,Duckers,lduckerscy@naver.com,Female,Yuan Renminbi
468,Calli,Sustin,csustincz@so-net.ne.jp,Female,Ruble
471,Lenka,Miroy,lmiroyd2@tripod.com,Female,Rupiah
473,Rayshell,D'Hooghe,rdhooghed4@free.fr,Female,Krona
479,Heather,Beilby,hbeilbyda@addthis.com,Female,Zloty
480,Marthena,Senter,msenterdb@time.com,Female,Sol
481,Laryssa,Shildrake,lshildrakedc@deviantart.com,Female,Ruble
483,Alfy,Angrick,aangrickde@mtv.com,Female,Yuan Renminbi
484,Margery,Klouz,mklouzdf@ifeng.com,Female,Real
489,Marjie,Bramstom,mbramstomdk@biblegateway.com,Female,Rupiah
493,Dale,Bridgement,dbridgementdo@last.fm,Female,Franc
495,Wally,Sawdy,wsawdydq@networkadvertising.org,Female,Real
496,Eadie,Jess,ejessdr@vinaora.com,Female,Real
498,Marianne,Whimpenny,mwhimpennydt@list-manage.com,Female,Peso
502,Jolie,Anderl,janderldx@comcast.net,Female,Peso
504,Adena,Hendrik,ahendrikdz@harvard.edu,Female,Peso
505,Hattie,Axtonne,haxtonnee0@php.net,Female,Ruble
506,Jeanie,Renbold,jrenbolde1@tmall.com,Female,Euro
507,Jacinthe,Sale,jsalee2@vimeo.com,Female,Euro
508,Sunshine,Nozzolinii,snozzoliniie3@prweb.com,Female,Dollar
514,Sharleen,Pyson,spysone9@archive.org,Female,Peso
515,Marilin,Martinek,mmartinekea@scientificamerican.com,Female,Guarani
516,Denny,Figger,dfiggereb@oracle.com,Female,Yuan Renminbi
523,Elsi,Benjafield,ebenjafieldei@eventbrite.com,Female,Dirham
524,Charmine,Mark,cmarkej@joomla.org,Female,Peso
525,Lee,Krystek,lkrystekek@ebay.com,Female,Krona
529,Joly,Servant,jservanteo@theatlantic.com,Female,Yuan Renminbi
530,Rebekkah,Stoppard,rstoppardep@spotify.com,Female,Franc
531,Thea,Millyard,tmillyardeq@goodreads.com,Female,Koruna
533,Chery,Mazonowicz,cmazonowiczes@state.tx.us,Female,Sol
536,Celesta,Kalkhoven,ckalkhovenev@seesaa.net,Female,Ruble
537,Robina,Coulman,rcoulmanew@seattletimes.com,Female,Bolivar
538,Karalynn,Bruhnicke,kbruhnickeex@weebly.com,Female,Somoni
543,Salli,Collyns,scollynsf2@gov.uk,Female,Zloty
546,Issi,Sconce,isconcef5@netvibes.com,Female,Rupiah
549,Clementine,Leverson,cleversonf8@livejournal.com,Female,Dollar
550,Mareah,Marling,mmarlingf9@blogspot.com,Female,Dinar
552,Marguerite,Batter,mbatterfb@csmonitor.com,Female,Ruble
553,Jerry,Josum,jjosumfc@stanford.edu,Female,Rupiah
557,Berget,Elderfield,belderfieldfg@oaic.gov.au,Female,Tugrik
558,Leyla,Stoneham,lstonehamfh@domainmarket.com,Female,Rupiah
559,Sybyl,MacGinlay,smacginlayfi@dion.ne.jp,Female,Peso
561,Roana,Rosenstein,rrosensteinfk@typepad.com,Female,Yuan Renminbi
564,Marylynne,Brodie,mbrodiefn@ihg.com,Female,Real
567,Ansley,Son,asonfq@exblog.jp,Female,Real
568,Almeta,Boffin,aboffinfr@miibeian.gov.cn,Female,Rupiah
570,Jeane,Longstaffe,jlongstaffeft@google.cn,Female,Dollar
572,Isahella,Milby,imilbyfv@irs.gov,Female,Rupiah
573,Carol,Larmuth,clarmuthfw@latimes.com,Female,Rupiah
574,Concordia,Ibert,cibertfx@tuttocitta.it,Female,Euro
575,Megan,Vauter,mvauterfy@eepurl.com,Female,Yuan Renminbi
577,Moyra,Seville,msevilleg0@wordpress.org,Female,Euro
578,Trude,Mordecai,tmordecaig1@theglobeandmail.com,Female,Real
579,Kara-lynn,Wenman,kwenmang2@utexas.edu,Female,Zloty
580,Kalinda,Hydes,khydesg3@merriam-webster.com,Female,Peso
581,Ellissa,Pfeffel,epfeffelg4@newyorker.com,Female,Dinar
582,Samantha,Leaver,sleaverg5@cnn.com,Female,Yen
585,Gayleen,Radnage,gradnageg8@godaddy.com,Female,Peso
586,Eleen,Moreing,emoreingg9@spiegel.de,Female,Rupiah
588,Afton,Burfoot,aburfootgb@nytimes.com,Female,Dinar
590,Willow,Sherwill,wsherwillgd@ifeng.com,Female,Peso
591,Elayne,Rodrigo,erodrigoge@digg.com,Female,Yuan Renminbi
592,Amalea,Novotna,anovotnagf@salon.com,Female,Tenge
593,Elfreda,Bilam,ebilamgg@51.la,Female,Pound
594,Merilee,Howden,mhowdengh@hp.com,Female,Real
597,De,Merrett,dmerrettgk@360.cn,Female,Rupiah
599,Evonne,Fermoy,efermoygm@mozilla.com,Female,Peso
600,Elfrieda,Hobbema,ehobbemagn@canalblog.com,Female,Tugrik
601,Goldi,Gebhard,ggebhardgo@bbc.co.uk,Female,Real
603,Meghan,Fenny,mfennygq@yahoo.co.jp,Female,Yuan Renminbi
608,Harley,Sorrel,hsorrelgv@wix.com,Female,Shekel
613,Leone,Escalante,lescalanteh0@booking.com,Female,Yuan Renminbi
614,Kaitlyn,Oag,koagh1@gov.uk,Female,Yuan Renminbi
615,Lilli,Authers,lauthersh2@google.es,Female,Dollar
616,Daisey,Blacksland,dblackslandh3@auda.org.au,Female,Euro
617,Ainsley,Smissen,asmissenh4@dailymail.co.uk,Female,Dram
620,Livia,Wendover,lwendoverh7@123-reg.co.uk,Female,Dollar
622,Berna,Ciottoi,bciottoih9@stumbleupon.com,Female,Real
624,Alana,Robez,arobezhb@house.gov,Female,Yuan Renminbi
628,Alene,Willavoys,awillavoyshf@list-manage.com,Female,Yuan Renminbi
631,Nichol,Haselhurst,nhaselhursthi@pinterest.com,Female,Franc
632,Othella,Jolliman,ojollimanhj@china.com.cn,Female,Peso
634,Maisey,Menat,mmenathl@biblegateway.com,Female,Euro
637,Joletta,Mayling,jmaylingho@mozilla.com,Female,Guarani
639,Dyanna,McLane,dmclanehq@apache.org,Female,Euro
640,Devinne,Onge,dongehr@gizmodo.com,Female,Yuan Renminbi
646,Rosemaria,Schultze,rschultzehx@themeforest.net,Female,Yuan Renminbi
648,Tammara,Vayro,tvayrohz@biglobe.ne.jp,Female,Ringgit
650,Brier,Stiven,bstiveni1@discovery.com,Female,Balboa
653,Lyda,D'Oyly,ldoylyi4@netscape.com,Female,Won
654,Martita,Pickervance,mpickervancei5@quantcast.com,Female,Rupiah
655,Atlante,Ricciardiello,aricciardielloi6@techcrunch.com,Female,Dinar
656,Stephine,McAllan,smcallani7@list-manage.com,Female,Peso
657,Catlaina,Kensett,ckensetti8@wikispaces.com,Female,Real
658,Josepha,Winsom,jwinsomi9@myspace.com,Female,Ruble
660,Scarlett,Gatenby,sgatenbyib@latimes.com,Female,Euro
663,Shelagh,Watmough,swatmoughie@hugedomains.com,Female,Rupiah
664,Catlee,Sevior,cseviorif@github.com,Female,Yuan Renminbi
665,Meghann,Finn,mfinnig@mail.ru,Female,Dollar
669,Mureil,Edinboro,medinboroik@whitehouse.gov,Female,Ruble
670,Latisha,Ianniello,liannielloil@sciencedaily.com,Female,Kuna
672,Mab,Sissel,msisselin@ft.com,Female,Franc
673,Zelda,Nudd,znuddio@icq.com,Female,Dollar
675,Meade,Rankmore,mrankmoreiq@vistaprint.com,Female,Yuan Renminbi
677,Elana,Samart,esamartis@earthlink.net,Female,Peso
678,Mollee,Squirrell,msquirrellit@marriott.com,Female,Rand
679,Tobye,Jaggar,tjaggariu@economist.com,Female,Manat
682,Judye,Aldham,jaldhamix@gravatar.com,Female,Franc
684,Mirilla,Wimmer,mwimmeriz@rakuten.co.jp,Female,Guarani
685,Jenilee,Wardrope,jwardropej0@reference.com,Female,Quetzal
686,Madalena,McCrohon,mmccrohonj1@mediafire.com,Female,Dollar
687,Sharyl,Legerton,slegertonj2@tripod.com,Female,Krona
688,Cassy,Firk,cfirkj3@forbes.com,Female,Real
695,Lorianna,Redwall,lredwallja@census.gov,Female,Krona
696,Vivie,McCrystal,vmccrystaljb@about.com,Female,Peso
697,Estelle,Marshal,emarshaljc@shinystat.com,Female,Euro
704,Carlene,D'Acth,cdacthjj@npr.org,Female,Euro
706,Claude,Thumim,cthumimjl@weibo.com,Female,Naira
707,Arlene,Fairweather,afairweatherjm@gizmodo.com,Female,Yuan Renminbi
710,Gill,Bonanno,gbonannojp@example.com,Female,Yuan Renminbi
711,Jacintha,Korn,jkornjq@barnesandnoble.com,Female,Dollar
713,Conny,Koppelmann,ckoppelmannjs@seattletimes.com,Female,Dollar
714,Clari,Egdell,cegdelljt@typepad.com,Female,Euro
715,Tybie,Dripp,tdrippju@dagondesign.com,Female,Peso
716,Ninette,MacGiany,nmacgianyjv@hao123.com,Female,Real
717,Adele,Tynnan,atynnanjw@accuweather.com,Female,Peso
719,Perl,Thorn,pthornjy@tinyurl.com,Female,Yuan Renminbi
723,Dodi,Boater,dboaterk2@state.gov,Female,Peso
726,Shandy,Wingrove,swingrovek5@mit.edu,Female,Rupiah
728,Cally,Spere,csperek7@linkedin.com,Female,Euro
729,Torrie,Espasa,tespasak8@facebook.com,Female,Real
732,Brook,Lebrun,blebrunkb@biglobe.ne.jp,Female,Peso
734,Ree,Orridge,rorridgekd@xinhuanet.com,Female,Yuan Renminbi
735,Kakalina,Belf,kbelfke@vistaprint.com,Female,Rupiah
737,Dory,Cars,dcarskg@acquirethisname.com,Female,Tugrik
739,Lucienne,Mabone,lmaboneki@slideshare.net,Female,Dollar
740,Ruthann,Erskine Sandys,rerskinesandyskj@so-net.ne.jp,Female,Zloty
743,Rozanne,Lockhurst,rlockhurstkm@wired.com,Female,Pound
744,Mechelle,Low,mlowkn@psu.edu,Female,Peso
745,Alexi,D'Aeth,adaethko@altervista.org,Female,Euro
746,Christa,Isaacson,cisaacsonkp@apache.org,Female,Koruna
748,Nerissa,Valentine,nvalentinekr@unc.edu,Female,Zloty
749,Janeta,L'Episcopi,jlepiscopiks@woothemes.com,Female,Yuan Renminbi
750,Gabbey,Coghill,gcoghillkt@comcast.net,Female,Rupiah
751,Sibyl,Enders,sendersku@timesonline.co.uk,Female,Zloty
752,Lilllie,Learie,lleariekv@hexun.com,Female,Koruna
753,Winonah,Svanetti,wsvanettikw@microsoft.com,Female,Yuan Renminbi
755,Bunni,Bonwell,bbonwellky@nymag.com,Female,Yuan Renminbi
758,Lesli,Dissman,ldissmanl1@cmu.edu,Female,Euro
763,Erika,Brocket,ebrocketl6@abc.net.au,Female,Lempira
764,Arlinda,Korf,akorfl7@theglobeandmail.com,Female,Won
765,Grata,Feckey,gfeckeyl8@simplemachines.org,Female,Yuan Renminbi
767,Wilhelmina,Fishburn,wfishburnla@geocities.com,Female,Koruna
770,Daron,McCrohon,dmccrohonld@clickbank.net,Female,Euro
771,Bridgette,Meletti,bmelettile@bloglovin.com,Female,Ringgit
772,Dannie,Boord,dboordlf@thetimes.co.uk,Female,Peso
773,Meade,Faircliff,mfairclifflg@harvard.edu,Female,Afghani
774,Ebony,Cayzer,ecayzerlh@google.ru,Female,Krona
777,Amalee,Hyslop,ahysloplk@toplist.cz,Female,Rial
779,Odella,Seward,osewardlm@eepurl.com,Female,Peso
780,Magdalena,Mart,mmartln@wikispaces.com,Female,Dollar
782,Bernadine,Saunders,bsaunderslp@nyu.edu,Female,Euro
784,Moyna,Joye,mjoyelr@hhs.gov,Female,Yuan Renminbi
785,Marie-ann,Drew-Clifton,mdrewcliftonls@github.com,Female,Yuan Renminbi
790,Cynthy,Pilgram,cpilgramlx@irs.gov,Female,Yuan Renminbi
793,Harri,Jennions,hjennionsm0@slideshare.net,Female,Euro
794,Allyn,Moohan,amoohanm1@hao123.com,Female,Dollar
799,Christen,Judkin,cjudkinm6@telegraph.co.uk,Female,Ruble
800,Estrella,Goudge,egoudgem7@symantec.com,Female,Rupiah
804,Celestyna,Danilchik,cdanilchikmb@buzzfeed.com,Female,Shilling
805,Sean,Dax,sdaxmc@google.it,Female,Rial
808,Audre,Cassius,acassiusmf@desdev.cn,Female,Zloty
812,Annabell,Timbridge,atimbridgemj@rakuten.co.jp,Female,Denar
813,Felecia,Hansberry,fhansberrymk@hp.com,Female,Euro
815,Rey,Shorey,rshoreymm@tripadvisor.com,Female,Euro
816,Katrinka,Krysztofiak,kkrysztofiakmn@harvard.edu,Female,Rupiah
820,Sarene,Callinan,scallinanmr@g.co,Female,Euro
821,Nicky,Basnett,nbasnettms@wikispaces.com,Female,Dinar
822,Perl,Konke,pkonkemt@theguardian.com,Female,Euro
823,Hertha,Chillistone,hchillistonemu@storify.com,Female,Euro
824,Phaedra,Hultberg,phultbergmv@usatoday.com,Female,Euro
825,Elva,Rivers,eriversmw@salon.com,Female,Yuan Renminbi
826,Anastasie,Hairsine,ahairsinemx@hhs.gov,Female,Shekel
827,Francesca,Ravenshaw,fravenshawmy@go.com,Female,Ariary
828,Cyndi,Gerritzen,cgerritzenmz@baidu.com,Female,Zloty
829,Jandy,Swaffer,jswaffern0@yahoo.co.jp,Female,Sol
831,Bobby,Anwell,banwelln2@mayoclinic.com,Female,Krona
833,Mallory,Sworder,mswordern4@dot.gov,Female,Euro
835,Neille,Lenoir,nlenoirn6@mit.edu,Female,Euro
836,Em,Hayller,ehayllern7@barnesandnoble.com,Female,Euro
837,Kakalina,Cooke,kcooken8@yolasite.com,Female,Peso
838,Corene,Burghill,cburghilln9@ucoz.com,Female,Euro
845,Tabbitha,Skeete,tskeeteng@cbc.ca,Female,Euro
848,Noni,Blevin,nblevinnj@deviantart.com,Female,Peso
849,Susi,Vasilevich,svasilevichnk@nydailynews.com,Female,Krona
850,Dona,Grinsdale,dgrinsdalenl@mysql.com,Female,Rial
853,Christie,Cahen,ccahenno@mit.edu,Female,Ruble
854,Cindy,Rudham,crudhamnp@oakley.com,Female,Balboa
855,Carroll,Kornyakov,ckornyakovnq@clickbank.net,Female,Yuan Renminbi
858,Kathlin,Gleder,kgledernt@cpanel.net,Female,Rupiah
859,Nanny,Lattie,nlattienu@networksolutions.com,Female,Yuan Renminbi
864,Tilda,Penrice,tpenricenz@mayoclinic.com,Female,Ruble
867,Felisha,Klaaasen,fklaaaseno2@symantec.com,Female,Krona
868,Doreen,Chater,dchatero3@uol.com.br,Female,Sol
869,Kim,Clerk,kclerko4@imdb.com,Female,Rupiah
870,Noel,Castledine,ncastledineo5@xing.com,Female,Euro
872,Sherie,Hills,shillso7@forbes.com,Female,Yen
873,Merla,Tampin,mtampino8@prweb.com,Female,Rupiah
874,Dulcinea,Atte-Stone,dattestoneo9@japanpost.jp,Female,Ruble
877,Caterina,Dalziell,cdalzielloc@twitter.com,Female,Marka
879,Kiley,Yitzhakof,kyitzhakofoe@spotify.com,Female,Yuan Renminbi
884,Dacy,Artz,dartzoj@amazon.de,Female,Peso
886,Ailey,Van den Oord,avandenoordol@google.com.br,Female,Shekel
887,Neysa,Ovendale,novendaleom@theguardian.com,Female,Yuan Renminbi
893,Arline,Dudden,aduddenos@paginegialle.it,Female,Zloty
894,Jeanelle,Whether,jwhetherot@live.com,Female,Kyat
896,Elfreda,Caroli,ecaroliov@google.ca,Female,Yuan Renminbi
897,Maribelle,Kuhle,mkuhleow@lycos.com,Female,Baht
899,Arleyne,Gheeraert,agheeraertoy@edublogs.org,Female,Euro
900,Lorita,Dukelow,ldukelowoz@infoseek.co.jp,Female,Rupiah
902,Mariana,Mc Giffin,mmcgiffinp1@furl.net,Female,Yuan Renminbi
903,Kora,Rudiger,krudigerp2@tuttocitta.it,Female,Rupiah
904,Serena,Cella,scellap3@whitehouse.gov,Female,Rial
905,Kerianne,Cogdon,kcogdonp4@hostgator.com,Female,Real
907,Sharyl,Crichley,scrichleyp6@smh.com.au,Female,Zloty
910,Coralyn,Medley,cmedleyp9@liveinternet.ru,Female,Krone
911,Hinda,Filipczak,hfilipczakpa@reverbnation.com,Female,Dollar
916,Julia,Cominoli,jcominolipf@yellowbook.com,Female,Rupiah
917,Sydney,Sutton,ssuttonpg@people.com.cn,Female,Yuan Renminbi
919,Moria,Downham,mdownhampi@hubpages.com,Female,Rupiah
921,Valenka,Hafford,vhaffordpk@parallels.com,Female,Yuan Renminbi
923,Annmaria,Figgures,afiggurespm@themeforest.net,Female,Euro
924,Felisha,Scandrite,fscandritepn@multiply.com,Female,Sol
929,Shoshana,Towriss,stowrissps@hubpages.com,Female,Euro
930,Lily,Lantaff,llantaffpt@cdbaby.com,Female,Yuan Renminbi
931,Allie,Dowdam,adowdampu@webmd.com,Female,Dollar
932,Klarika,Boynes,kboynespv@goodreads.com,Female,Manat
933,Gerrie,Stenhouse,gstenhousepw@google.cn,Female,Yuan Renminbi
934,Roanne,Gerleit,rgerleitpx@marketwatch.com,Female,Peso
936,Chloe,Andrieux,candrieuxpz@cnbc.com,Female,Somoni
937,Delilah,Blaxter,dblaxterq0@bbb.org,Female,Yuan Renminbi
939,Orelee,Claibourn,oclaibournq2@wired.com,Female,Cordoba
942,Jillian,Lipp,jlippq5@gizmodo.com,Female,Rupiah
943,Monah,Gretton,mgrettonq6@domainmarket.com,Female,Rupee
945,Isa,Missen,imissenq8@typepad.com,Female,Tala
946,Annabella,Bill,abillq9@nytimes.com,Female,Shilling
948,Christie,Karppi,ckarppiqb@jiathis.com,Female,Ruble
950,Theda,Larham,tlarhamqd@auda.org.au,Female,Rupiah
951,Joey,Amiss,jamissqe@tmall.com,Female,Yuan Renminbi
954,Jocelin,Klisch,jklischqh@clickbank.net,Female,Som
956,Aryn,Trowsdall,atrowsdallqj@issuu.com,Female,Euro
957,Jordan,Holgan,jholganqk@arstechnica.com,Female,Peso
959,Janie,Riccioppo,jriccioppoqm@chronoengine.com,Female,Franc
962,Garland,Nicholl,gnichollqp@ox.ac.uk,Female,Dollar
963,Natalya,Cowlard,ncowlardqq@amazon.de,Female,Real
964,Anabelle,Harrell,aharrellqr@ucsd.edu,Female,Rupiah
968,Nonie,Verrill,nverrillqv@dagondesign.com,Female,Peso
973,Vivienne,Feavers,vfeaversr0@deviantart.com,Female,Dram
975,Freddy,Crowther,fcrowtherr2@networkadvertising.org,Female,Euro
978,Alyda,Wrightson,awrightsonr5@shareasale.com,Female,Peso
979,Danyette,Howsden,dhowsdenr6@meetup.com,Female,Euro
982,Penny,Housiaux,phousiauxr9@xing.com,Female,Peso
984,Leonanie,Moakes,lmoakesrb@economist.com,Female,Peso
986,Deeanne,Yetton,dyettonrd@google.es,Female,Yuan Renminbi
987,Willi,Struijs,wstruijsre@mashable.com,Female,Real
990,Buffy,Yeowell,byeowellrh@jalbum.net,Female,Yuan Renminbi
991,Carrie,Whewell,cwhewellri@cyberchimps.com,Female,Dong
992,Leslie,Walduck,lwalduckrj@desdev.cn,Female,Euro
993,Hally,Favey,hfaveyrk@nih.gov,Female,Marka
994,Norah,Walkinshaw,nwalkinshawrl@netvibes.com,Female,Peso
997,Isa,Farey,ifareyro@home.pl,Female,Rupiah
998,Hyacinthia,Soares,hsoaresrp@home.pl,Female,Cedi
999,Marinna,Wickie,mwickierq@slideshare.net,Female,Yuan Renminbi
1000,Elissa,Lazenby,elazenbyrr@zimbio.com,Female,Rial
